{
    "test_acc": 92.16332741567335,
    "test_f1": 92.11634137007272,
    "test_auc": 0.9762389474819628,
    "training_time_minutes": 53.76686519384384
}